customer_id,first_name,last_name,age,email,country,postal_code,favorite_color,purchase_history,customer_satisfaction
1,Elliott,Vayro,25,evayro0@g.co,Russia,142451,red,954,2
2,Samaria,Endley,75,sendley1@meetup.com,Philippines,5610,green,684,4
3,Anatollo,Goodchild,39,agoodchild2@miibeian.gov.cn,Ireland,A41,green,793,1
4,Josselyn,Moroney,59,jmoroney3@hud.gov,Brazil,85760-000,red,34,1
5,Jamey,Rennebach,31,jrennebach4@cloudflare.com,Israel,,red,53,3
6,Hilliary,Collingham,67,hcollingham5@reuters.com,Indonesia,,green,101,3
7,Verne,Turpin,52,vturpin6@hatena.ne.jp,Brazil,85770-000,red,974,3
8,Ginnie,Fynn,61,gfynn7@biglobe.ne.jp,Ukraine,,green,589,4
9,Edythe,Halloran,76,ehalloran8@photobucket.com,China,,red,593,2
10,Hastings,Askham,45,haskham9@sourceforge.net,Indonesia,,blue,784,3
11,Maryanna,Bresson,71,mbressona@clickbank.net,France,59407 CEDEX,blue,156,1
12,Adair,Robic,57,arobicb@bloglines.com,Honduras,,green,391,4
13,Shaylynn,Busain,63,sbusainc@multiply.com,Latvia,,blue,935,3
14,Jennette,Ditt,23,jdittd@telegraph.co.uk,Thailand,93160,red,728,2
15,Verge,Boyse,22,vboysee@ycombinator.com,Portugal,3630-058,red,159,2
16,Thomas,Eddison,57,teddisonf@ucla.edu,China,,green,842,4
17,Giselbert,Greedier,73,ggreedierg@omniture.com,Philippines,2428,green,67,2
18,Adorne,Harbor,56,aharborh@wordpress.com,Indonesia,,green,796,2
19,Aileen,Landall,72,alandalli@hud.gov,Malaysia,1606,red,952,2
20,Cathee,Lorenzetti,34,clorenzettij@wunderground.com,Russia,368117,red,885,1
21,Janelle,Gonzalez,18,jgonzalezk@topsy.com,China,,green,166,2
22,Zulema,MacConnell,44,zmacconnelll@mozilla.org,Brazil,29785-000,blue,743,3
23,Dario,Merwe,70,dmerwem@pcworld.com,Peru,,blue,858,5
24,Alphonso,Alam,28,aalamn@alibaba.com,Sudan,,red,968,4
25,Krystyna,Maplesden,85,kmaplesdeno@google.fr,Croatia,47302,red,835,2
26,La verne,Tee,80,lteep@google.es,China,,green,424,5
27,Petra,MacAllaster,41,pmacallasterq@oracle.com,Japan,779-0312,red,649,3
28,Eileen,Meric,40,emericr@alexa.com,Kazakhstan,,red,77,1
29,Keri,Albrook,83,kalbrooks@tripadvisor.com,China,,blue,990,5
31,Katinka,Lared,22,klaredu@youtu.be,China,,green,666,2
32,Bartlet,Greystoke,19,bgreystokev@shop-pro.jp,Indonesia,,blue,148,4
33,Hamilton,Erswell,73,herswellw@latimes.com,Indonesia,,red,82,2
34,Kasper,Edel,61,kedelx@oaic.gov.au,Philippines,8427,green,784,5
35,Dyana,Scheffel,35,dscheffely@miibeian.gov.cn,Japan,441-2303,red,1000,3
36,Dory,Cuel,24,dcuelz@dropbox.com,France,84019 CEDEX 1,red,748,1
37,Ines,Raggles,48,iraggles10@dailymotion.com,Brazil,17280-000,red,637,2
38,Conrado,Whitechurch,50,cwhitechurch11@blinklist.com,Greece,,blue,409,2
39,Adolf,Waddam,40,awaddam12@sbwire.com,Indonesia,,red,980,3
40,Ambrosio,McLachlan,21,amclachlan13@dailymail.co.uk,Ukraine,,green,170,1
41,Denis,Jacke,78,djacke14@scientificamerican.com,China,,red,155,3
42,Neall,Alban,60,nalban15@usda.gov,Indonesia,,green,506,4
43,Aloise,Casali,33,acasali16@wikipedia.org,Thailand,20140,green,353,4
44,Artemis,Lorkings,44,alorkings17@hp.com,Philippines,8304,red,781,5
45,Dulcinea,Francke,35,dfrancke18@usda.gov,China,,green,983,2
46,Moyra,Stiant,70,mstiant19@mail.ru,China,,green,237,2
47,Cassandra,Harroll,67,charroll1a@privacy.gov.au,Mongolia,,red,649,5
48,Andree,Szymoni,30,aszymoni1b@blogs.com,China,,blue,877,2
49,Zeb,Barthram,62,zbarthram1c@tuttocitta.it,China,,red,227,2
50,Cos,Mitchard,76,cmitchard1d@scientificamerican.com,Albania,,green,539,2
51,Zaneta,Cowp,46,zcowp1e@abc.net.au,China,,red,551,5
52,Monte,Burds,83,mburds1f@surveymonkey.com,China,,blue,71,4
53,Cristal,Olijve,25,colijve1g@prweb.com,Philippines,6503,blue,996,5
54,Camille,Wallach,85,cwallach1h@youku.com,Mongolia,,green,260,3
55,Avery,O'Lagene,43,aolagene1i@netscape.com,Ukraine,,green,32,2
56,Sheridan,Kingsbury,37,skingsbury1j@aol.com,Ukraine,,green,436,3
57,Luciano,Winny,65,lwinny1k@linkedin.com,Indonesia,,green,861,3
58,Patrizio,Kovacs,80,pkovacs1l@statcounter.com,Afghanistan,,red,998,2
59,Ethelind,Stidson,79,estidson1m@ibm.com,Indonesia,,blue,370,1
60,Carin,Simeon,66,csimeon1n@reuters.com,Philippines,1160,red,548,2
61,Frank,Helks,64,fhelks1o@angelfire.com,Slovenia,4206,green,137,2
62,Marj,Doogue,38,mdoogue1p@geocities.jp,France,57119 CEDEX,red,913,2
63,Pen,Wawer,23,pwawer1q@thetimes.co.uk,Denmark,1770,green,120,4
64,Evie,Sparke,85,esparke1r@yandex.ru,Japan,321-2342,green,640,3
65,Horatia,Malling,63,hmalling1s@howstuffworks.com,China,,blue,981,2
66,Killie,Pickworth,27,kpickworth1t@mapquest.com,Sweden,117 68,blue,770,4
67,Nisse,Carletto,40,ncarletto1u@craigslist.org,Nigeria,,red,297,3
68,Shae,Arendt,48,sarendt1v@indiatimes.com,Croatia,52220,green,872,3
69,Christoforo,Bedham,43,cbedham1w@merriam-webster.com,China,,blue,438,2
70,Benedetta,Grosvener,83,bgrosvener1x@japanpost.jp,Indonesia,,green,754,2
71,Fairfax,Blodgetts,44,fblodgetts1y@simplemachines.org,Pakistan,51801,blue,792,5
72,Mattias,Yuryatin,46,myuryatin1z@domainmarket.com,China,,blue,959,4
73,Lydon,Cayser,35,lcayser20@devhub.com,China,,green,474,2
74,Leela,Gumm,71,lgumm21@time.com,China,,green,698,5
75,Carl,Ottee,43,cottee22@pinterest.com,China,,red,836,5
76,Winnie,Madine,84,wmadine23@spotify.com,Sweden,127 86,red,460,4
77,Carey,Sturley,71,csturley24@t.co,Argentina,2124,green,288,5
78,Nettle,Itzcovichch,72,nitzcovichch25@macromedia.com,Brazil,59680-000,blue,419,5
79,Aleda,Coste,71,acoste26@berkeley.edu,United Kingdom,PR1,green,270,5
80,Demott,Denis,28,ddenis27@upenn.edu,Indonesia,,blue,573,3
81,Elias,Rennicks,77,erennicks28@boston.com,Philippines,3115,blue,502,3
82,Andie,Kropach,67,akropach29@gov.uk,Russia,301070,green,34,1
83,Thomasina,Gooding,32,tgooding2a@youku.com,Liechtenstein,9496,green,833,2
84,Finley,Gallaccio,33,fgallaccio2b@chron.com,Thailand,60230,green,552,3
85,Willi,Rogeron,63,wrogeron2c@deviantart.com,Portugal,2425-065,green,27,3
86,Gayler,O'Fairy,53,gofairy2d@constantcontact.com,Indonesia,,blue,7,2
87,Hymie,Drover,81,hdrover2e@unesco.org,China,,green,480,2
88,Gaby,Chotty,66,gchotty2f@answers.com,Peru,,green,57,4
89,Mag,Kelledy,59,mkelledy2g@sciencedaily.com,Poland,63-202,green,640,4
90,Arvin,Scrigmour,47,ascrigmour2h@newyorker.com,Japan,993-0031,blue,940,2
91,Herold,Gilstin,38,hgilstin2i@qq.com,Mexico,78783,blue,609,3
92,Pebrook,Gregoletti,70,pgregoletti2j@phoca.cz,Ireland,P72,green,212,2
93,Ingamar,Collum,21,icollum2k@abc.net.au,Portugal,4495-155,blue,687,1
94,Jackson,Vaskov,52,jvaskov2l@berkeley.edu,Russia,356830,red,719,4
95,Augusta,Caustick,65,acaustick2m@europa.eu,Russia,398526,blue,471,5
96,Janaye,McCloch,62,jmccloch2n@photobucket.com,Philippines,3014,red,2,3
97,Albina,Varfolomeev,78,avarfolomeev2o@irs.gov,Russia,357322,blue,71,3
98,Sergeant,Hazard,66,shazard2p@marriott.com,Indonesia,,green,552,3
99,Ingra,Perkins,70,iperkins2q@ebay.co.uk,Palestinian Territory,,blue,499,5
100,Kyle,Hixley,74,khixley2r@scribd.com,Comoros,,green,800,2
101,Deane,Goshawke,45,dgoshawke2s@usnews.com,Colombia,761028,red,850,5
102,Newton,Silverman,74,nsilverman2t@msu.edu,Bahrain,,red,174,5
103,Dilly,Farquharson,74,dfarquharson2u@google.pl,China,,green,912,2
104,Kliment,Bielefeld,83,kbielefeld2v@howstuffworks.com,South Korea,,green,340,1
105,Cassandry,Clutram,46,cclutram2w@yandex.ru,France,33604 CEDEX,green,435,5
106,Leigh,Sparshott,26,lsparshott2x@vistaprint.com,Angola,,green,49,1
107,Gisele,Sharples,39,gsharples2y@msn.com,China,,blue,295,3
108,Allyn,Wooff,72,awooff2z@cbslocal.com,China,,red,915,2
109,Lucille,Spatari,25,lspatari30@reddit.com,Brazil,15900-000,red,967,3
110,Ivie,Lemonnier,62,ilemonnier31@xrea.com,Georgia,,blue,404,5
111,Chlo,Rapelli,74,crapelli32@mayoclinic.com,Ghana,,green,383,5
112,Prince,Larkcum,69,plarkcum33@sourceforge.net,China,,blue,154,1
113,Rici,Eldershaw,57,reldershaw34@topsy.com,China,,red,658,4
114,Elyn,Rival,84,erival35@mysql.com,Syria,,blue,587,1
115,Noel,McGiffie,23,nmcgiffie36@hc360.com,Malaysia,88837,blue,135,5
116,Gerianna,Esley,77,gesley37@earthlink.net,China,,red,296,1
117,Paton,Faulconer,70,pfaulconer38@spotify.com,Nigeria,,green,690,3
118,Rahal,Trowell,37,rtrowell39@trellian.com,China,,green,564,5
119,Rudd,Marti,79,rmarti3a@shutterfly.com,Indonesia,,green,90,2
120,Roderick,Guiton,69,rguiton3b@craigslist.org,China,,red,849,5
121,Nevin,Ginnety,63,nginnety3c@parallels.com,Tanzania,,red,978,2
122,Barnie,Droghan,18,bdroghan3d@nature.com,Angola,,green,501,1
123,Aluin,Comber,73,acomber3e@bigcartel.com,Poland,46-082,blue,737,3
124,Chase,Yuill,32,cyuill3f@instagram.com,Russia,601800,red,362,4
125,Herold,Morde,51,hmorde3g@huffingtonpost.com,China,,green,125,4
126,Richart,Pittendreigh,71,rpittendreigh3h@wikispaces.com,China,,red,991,4
127,Orsola,Hark,82,ohark3i@ibm.com,South Korea,,blue,333,5
128,Eachelle,Maraga,28,emaraga3j@seesaa.net,Indonesia,,green,589,2
129,Heidie,Dudding,18,hdudding3k@zimbio.com,Japan,818-0138,blue,370,5
130,Janice,Hedling,18,jhedling3l@xinhuanet.com,China,,red,517,1
131,Arlette,Arnaudet,19,aarnaudet3m@ox.ac.uk,Mexico,31770,green,992,3
132,Fidelia,Corbitt,20,fcorbitt3n@howstuffworks.com,China,,blue,837,1
133,Dorelia,Eagland,28,deagland3o@ed.gov,Russia,161469,red,436,3
134,Massimiliano,Fincham,60,mfincham3p@nationalgeographic.com,China,,red,513,5
135,Skipp,Antoniutti,58,santoniutti3q@cornell.edu,Vietnam,,green,498,3
136,Patrick,Garrigan,75,pgarrigan3r@joomla.org,Indonesia,,blue,677,3
137,Nalani,Corton,52,ncorton3s@independent.co.uk,Nepal,,red,995,3
138,Noel,Calley,50,ncalley3t@sogou.com,Brazil,13495-000,blue,919,3
139,Rey,Hirschmann,37,rhirschmann3u@princeton.edu,Marshall Islands,96970,blue,520,4
140,Tessy,Glyde,61,tglyde3v@usatoday.com,Italy,40128,red,168,1
141,Donna,Goodbody,27,dgoodbody3w@wordpress.org,Peru,,green,642,2
142,Noelani,Knevit,45,nknevit3x@craigslist.org,Ukraine,,red,306,1
143,Neda,Coole,84,ncoole3y@microsoft.com,United States,23277,red,359,3
144,Greg,Fery,74,gfery3z@digg.com,Russia,671610,green,983,1
145,Packston,Sabben,23,psabben40@amazon.de,United States,80126,red,351,3
146,Patrizio,Upcott,35,pupcott41@discovery.com,Indonesia,,blue,702,1
147,Reggi,Neale,83,rneale42@nature.com,China,,green,764,1
148,Claire,Duker,33,cduker43@census.gov,Madagascar,,green,314,2
149,Ahmad,Bosma,44,abosma44@odnoklassniki.ru,Yemen,,blue,146,4
150,Leodora,Mathewes,55,lmathewes45@wp.com,Ukraine,,red,621,3
151,Veradis,Devote,37,vdevote46@cbslocal.com,Indonesia,,red,425,4
152,Yolane,Handy,47,yhandy47@yale.edu,Russia,167907,blue,398,2
153,Jaquelin,Gligoraci,62,jgligoraci48@psu.edu,Argentina,7103,blue,761,1
154,Jenine,Wainscoat,25,jwainscoat49@reuters.com,Yemen,,red,245,2
155,Keeley,Riha,49,kriha4a@ft.com,Indonesia,,green,856,1
156,Sandor,Kilalea,74,skilalea4b@istockphoto.com,Sweden,115 22,blue,388,5
157,Derrik,Kuhne,19,dkuhne4c@instagram.com,Lithuania,85019,red,807,5
158,Arlana,Rennox,51,arennox4d@alexa.com,Nigeria,,green,619,1
159,Chloe,Malam,49,cmalam4e@hexun.com,Afghanistan,,red,832,1
160,Alric,Tatham,85,atatham4f@imgur.com,Poland,98-430,blue,97,3
161,Sherman,Hearnshaw,20,shearnshaw4g@apache.org,Armenia,,red,144,5
162,Feliza,Chasmer,19,fchasmer4h@sphinn.com,Kyrgyzstan,,green,703,1
163,Godart,Gallimore,60,ggallimore4i@hud.gov,Poland,76-214,red,812,2
164,Leif,Neiland,77,lneiland4j@ox.ac.uk,Guatemala,16005,green,127,1
165,Cheri,Tilliard,52,ctilliard4k@amazon.co.jp,United States,31165,green,658,1
166,Wenda,Whelpdale,27,wwhelpdale4l@youtube.com,Philippines,8311,green,684,4
167,Axel,Broseke,24,abroseke4m@time.com,Brazil,62930-000,red,120,3
168,Liana,Callinan,68,lcallinan4n@xrea.com,Belarus,,green,728,5
169,Zaneta,Doeg,47,zdoeg4o@tamu.edu,Russia,352857,red,783,3
170,Debi,Dunbobbin,74,ddunbobbin4p@ifeng.com,Philippines,9214,green,473,1
171,Tabina,Ioannidis,66,tioannidis4q@berkeley.edu,Indonesia,,red,744,3
172,Haroun,Narbett,77,hnarbett4r@google.co.uk,El Salvador,,red,165,5
173,Hildegaard,Wiltshaw,75,hwiltshaw4s@thetimes.co.uk,Russia,412334,blue,178,5
174,Westleigh,Brack,66,wbrack4t@soup.io,China,,blue,70,3
175,Celestia,Royall,26,croyall4u@disqus.com,Madagascar,,red,973,3
176,Hedi,Skyrme,69,hskyrme4v@instagram.com,Russia,140093,green,976,3
177,Iolanthe,Cordall,71,icordall4w@123-reg.co.uk,Indonesia,,green,349,3
178,Thatch,Annwyl,62,tannwyl4x@fotki.com,Canada,G6G,red,362,5
179,Chrissie,Minkin,84,cminkin4y@mapquest.com,China,,green,265,1
180,Abbot,Rawdales,50,arawdales4z@msu.edu,Philippines,1144,blue,563,3
181,Morly,Marshman,56,mmarshman50@china.com.cn,Peru,,green,0,1
182,Lulu,Capelen,34,lcapelen51@de.vu,Egypt,,red,689,3
183,Goldie,Hume,68,ghume52@baidu.com,Peru,,red,269,1
184,Rebe,Hub,24,rhub53@tinyurl.com,Nigeria,,green,879,1
185,Keene,Queyeiro,47,kqueyeiro54@tumblr.com,Indonesia,,blue,795,2
186,Pier,FitzGilbert,51,pfitzgilbert55@gravatar.com,China,,red,674,4
187,Glendon,Ruusa,24,gruusa56@histats.com,Indonesia,,blue,764,2
188,Waverley,Sporle,77,wsporle57@jalbum.net,Indonesia,,red,125,3
189,Nathanael,Francescuzzi,61,nfrancescuzzi58@fotki.com,Indonesia,,red,862,2
190,Ferrel,Vauter,81,fvauter59@chron.com,United States,21747,blue,186,3
191,Lauretta,Sture,55,lsture5a@wikia.com,Portugal,4900-005,green,646,3
192,Guthry,Golthorpp,57,ggolthorpp5b@pagesperso-orange.fr,Portugal,6120-705,blue,22,2
193,Bellanca,Itscovitz,76,bitscovitz5c@tmall.com,Philippines,8712,green,82,2
194,Angelina,Tucknutt,75,atucknutt5d@booking.com,Myanmar,,red,846,1
195,Gussie,Longea,33,glongea5e@hud.gov,Spain,20015,red,958,5
196,Emmery,Fellgett,84,efellgett5f@accuweather.com,Russia,164646,red,162,4
197,Teresina,Hurch,29,thurch5g@google.com.au,United States,80935,blue,824,4
198,Arliene,MacCahee,71,amaccahee5h@cnbc.com,Indonesia,,blue,802,2
199,Loren,Fletcher,38,lfletcher5i@addtoany.com,Colombia,762528,blue,459,3
200,Garald,Joslin,61,gjoslin5j@accuweather.com,Mexico,94324,red,581,2
201,Timofei,Mc Caughan,55,tmccaughan5k@parallels.com,Bosnia and Herzegovina,,green,92,5
202,Jess,Shearmur,60,jshearmur5l@springer.com,Nigeria,,red,268,2
203,Corrina,Huscroft,62,chuscroft5m@skype.com,Indonesia,,blue,717,4
204,Kellsie,Boribal,82,kboribal5n@aboutads.info,Brazil,96180-000,blue,404,1
205,Thaine,Clowsley,20,tclowsley5o@bbc.co.uk,Cuba,,blue,990,3
206,Killy,Westmoreland,31,kwestmoreland5p@globo.com,Russia,461509,green,271,1
207,Hendrick,Brimblecombe,74,hbrimblecombe5q@netscape.com,Sweden,302 55,red,293,5
208,Augustin,Dundredge,61,adundredge5r@timesonline.co.uk,Argentina,3262,red,864,1
209,Perice,Maasze,77,pmaasze5s@businessinsider.com,China,,green,161,3
210,Mirella,Kaplan,64,mkaplan5t@instagram.com,China,,red,888,1
211,Janetta,Andrivot,57,jandrivot5u@globo.com,Sweden,170 66,blue,905,1
212,Alfred,McMorran,24,amcmorran5v@simplemachines.org,China,,red,976,5
213,Ginger,Collocott,77,gcollocott5w@ow.ly,China,,green,188,3
214,Carlene,Riddall,68,criddall5x@wordpress.com,China,,green,607,5
215,Nissa,Syseland,76,nsyseland5y@goo.ne.jp,Canada,B2V,green,371,2
216,Bevan,Duffield,78,bduffield5z@barnesandnoble.com,China,,green,672,3
217,Jared,Beddie,63,jbeddie60@patch.com,Brazil,18260-000,blue,492,4
218,Henri,Emberson,22,hemberson61@lycos.com,China,,green,471,2
219,Christiano,Pache,30,cpache62@dailymail.co.uk,Morocco,,green,582,5
220,Frederica,Bamlett,53,fbamlett63@last.fm,Russia,442965,blue,323,5
221,Margarethe,Boulder,33,mboulder64@nhs.uk,China,,red,891,3
222,Hallsy,Brazelton,71,hbrazelton65@bbb.org,Poland,57-340,green,134,4
223,Jermain,Lamps,80,jlamps66@independent.co.uk,Indonesia,,blue,62,4
224,Allis,Taylot,45,ataylot67@ycombinator.com,France,94865 CEDEX,blue,207,3
225,Wildon,Yuille,57,wyuille68@ask.com,China,,blue,955,4
226,Ilario,Rust,45,irust69@homestead.com,China,,blue,399,2
227,Noel,Keneforde,22,nkeneforde6a@baidu.com,Brazil,13720-000,blue,67,3
228,Eduard,Henken,78,ehenken6b@howstuffworks.com,Mexico,96370,blue,330,5
229,Ryann,Cavey,37,rcavey6c@odnoklassniki.ru,China,,green,560,5
230,Hildegaard,Jacobsen,22,hjacobsen6d@g.co,Philippines,6329,green,376,5
231,Philip,Chismon,63,pchismon6e@sogou.com,Sweden,187 06,red,101,2
232,Isa,Gouinlock,19,igouinlock6f@quantcast.com,China,,green,554,1
233,Lemmy,Greir,50,lgreir6g@i2i.jp,Latvia,,green,315,4
234,Hedi,Winckle,62,hwinckle6h@google.ca,Mexico,25740,blue,76,2
235,Margarete,Toupe,60,mtoupe6i@webmd.com,Indonesia,,red,132,5
236,Osborne,Harsant,29,oharsant6j@twitter.com,Peru,,green,455,5
237,Codi,Baron,78,cbaron6k@smh.com.au,Malaysia,50609,red,166,2
238,Gabbi,Mayall,71,gmayall6l@eepurl.com,South Africa,9706,green,556,3
239,Waldemar,Lorenzo,73,wlorenzo6m@amazon.com,Indonesia,,green,549,1
240,Alleen,Brussell,56,abrussell6n@noaa.gov,Portugal,2970-079,red,836,1
241,Emanuele,Tomkowicz,82,etomkowicz6o@shutterfly.com,Canada,J8H,blue,810,4
242,Marijo,Camis,31,mcamis6p@livejournal.com,Sweden,907 04,blue,168,5
243,Benoit,Hugk,72,bhugk6q@epa.gov,Venezuela,,blue,698,5
244,Rachelle,Waterfall,27,rwaterfall6r@army.mil,Peru,,green,102,3
245,Rivy,Skase,83,rskase6s@dell.com,China,,green,588,3
246,Jessa,Schurcke,18,jschurcke6t@ted.com,China,,blue,740,2
247,Maddi,Bourdon,27,mbourdon6u@netvibes.com,China,,red,226,1
248,Kitti,Eccleston,65,keccleston6v@squidoo.com,Canada,J5M,red,698,5
249,Roseanne,Boij,66,rboij6w@accuweather.com,Kenya,,red,599,1
250,Issiah,Morsey,40,imorsey6x@addthis.com,China,,blue,654,1
251,Carlen,Claessens,22,cclaessens6y@paginegialle.it,Tunisia,,red,715,1
252,Ginny,Brade,74,gbrade6z@ask.com,Philippines,2512,red,666,3
253,Carol-jean,Albrook,72,calbrook70@jigsy.com,Brazil,76330-000,blue,647,3
254,Ethelred,Fautley,81,efautley71@jigsy.com,Colombia,413048,blue,536,1
255,Lanae,Skone,76,lskone72@yahoo.co.jp,Spain,44071,blue,498,3
256,Giulio,Circuit,33,gcircuit73@google.it,Argentina,8520,blue,742,3
257,Addi,Gentiry,74,agentiry74@toplist.cz,Uganda,,red,415,3
258,Dorotea,Patrickson,74,dpatrickson75@scribd.com,Belarus,,green,109,3
259,Ailene,Slaymaker,56,aslaymaker76@oakley.com,China,,blue,407,5
260,Klara,Negus,64,knegus77@senate.gov,Nigeria,,green,238,3
261,Roxi,Huckell,30,rhuckell78@icq.com,China,,red,627,4
262,Ginny,Jolin,54,gjolin79@marriott.com,Greece,,blue,688,5
263,Melosa,De'Vere - Hunt,64,mdeverehunt7a@army.mil,Ukraine,,red,754,5
264,Berny,Sessuns,78,bsessuns7b@mysql.com,Ecuador,,blue,274,5
265,Gennie,Goring,37,ggoring7c@zdnet.com,Indonesia,,red,736,5
266,Cindie,Barneveld,45,cbarneveld7d@multiply.com,China,,blue,321,3
267,Amy,Ternott,60,aternott7e@uol.com.br,Bulgaria,6200,green,265,3
268,Goddart,Jude,63,gjude7f@abc.net.au,Indonesia,,blue,952,4
269,Nicole,Camble,84,ncamble7g@jimdo.com,Madagascar,,green,28,5
270,Zoe,Tansley,22,ztansley7h@usa.gov,China,,green,589,3
271,Peyter,Paolazzi,61,ppaolazzi7i@europa.eu,Ghana,,blue,674,3
272,Vikki,Entreis,83,ventreis7j@baidu.com,Macedonia,1315,blue,783,4
273,Sybila,Forre,27,sforre7k@123-reg.co.uk,Syria,,blue,827,3
274,Livvyy,Stapells,50,lstapells7l@naver.com,Russia,171679,green,688,5
275,Sayer,Mycock,41,smycock7m@engadget.com,Indonesia,,green,115,1
276,Dugald,Matula,58,dmatula7n@accuweather.com,Ukraine,,blue,512,2
277,Elsy,Taffley,46,etaffley7o@bbb.org,Colombia,195047,red,928,2
278,Yvette,Moehle,51,ymoehle7p@weebly.com,Pakistan,12311,red,328,5
279,Berkly,Hordle,58,bhordle7q@boston.com,Yemen,,red,32,3
280,Mortimer,Allam,30,mallam7r@friendfeed.com,Indonesia,,red,170,1
281,Gerta,Cheel,33,gcheel7s@nydailynews.com,Iran,,green,213,3
282,Frederic,Mowles,18,fmowles7t@webnode.com,Moldova,MD-5114,red,368,3
283,Averell,Burndred,60,aburndred7u@pagesperso-orange.fr,Tunisia,,red,962,1
284,Willi,Ironside,62,wironside7v@biglobe.ne.jp,Canada,V9C,red,277,5
285,Durand,MacCathay,29,dmaccathay7w@live.com,China,,green,56,4
286,Wyatt,Fortin,53,wfortin7x@cbc.ca,China,,blue,958,5
287,Lamont,Delepine,66,ldelepine7y@yahoo.com,Egypt,,green,364,1
288,Gennie,Bastable,75,gbastable7z@oaic.gov.au,Ukraine,,red,835,4
289,Maggie,Coffee,27,mcoffee80@icio.us,Czech Republic,788 32,green,289,2
290,Al,Yakobovicz,47,ayakobovicz81@thetimes.co.uk,Russia,353643,red,999,1
291,Shawna,Engelbrecht,68,sengelbrecht82@va.gov,France,84019 CEDEX 1,red,280,5
292,Ruggiero,Joslin,31,rjoslin83@opensource.org,China,,red,247,5
293,Kev,Rowantree,18,krowantree84@tripadvisor.com,Bangladesh,7933,blue,950,3
294,Kit,Riddeough,82,kriddeough85@mail.ru,Russia,186424,green,749,3
295,Romy,Fidgin,31,rfidgin86@dion.ne.jp,Indonesia,,red,434,4
296,Fredi,Jouhan,68,fjouhan87@thetimes.co.uk,Indonesia,,blue,762,1
297,Morgan,Engall,72,mengall88@huffingtonpost.com,China,,blue,952,4
298,Teador,Hazeldene,41,thazeldene89@ted.com,Ukraine,,red,335,3
299,Elene,Strephan,83,estrephan8a@psu.edu,Czech Republic,687 12,blue,605,3
300,Darbee,Langworthy,41,dlangworthy8b@nps.gov,China,,red,57,2
301,Daryl,Greenless,32,dgreenless8c@rambler.ru,China,,red,118,4
302,Alayne,Kryska,42,akryska8d@ftc.gov,Sweden,283 45,blue,138,2
303,Ari,Rummins,37,arummins8e@guardian.co.uk,China,,green,460,2
304,Mair,Joynson,78,mjoynson8f@businessweek.com,Argentina,2559,green,879,2
305,Julee,Gerald,81,jgerald8g@facebook.com,Poland,98-432,green,800,4
306,Berry,de Banke,26,bdebanke8h@discuz.net,Russia,692815,blue,457,3
307,Elora,Ferguson,75,eferguson8i@squidoo.com,Czech Republic,747 53,blue,834,3
308,Jo,Caser,64,jcaser8j@comsenz.com,United States,66622,green,40,4
309,Kalli,Cuschieri,38,kcuschieri8k@yale.edu,Jordan,,green,438,4
310,Henka,Lowery,30,hlowery8l@fastcompany.com,Bolivia,,blue,332,3
311,Lyndsay,Brok,65,lbrok8m@cbslocal.com,China,,blue,378,5
312,Juieta,Bertolaccini,43,jbertolaccini8n@jiathis.com,Russia,666779,green,631,1
313,Mort,Kohlert,46,mkohlert8o@liveinternet.ru,Pakistan,24181,blue,526,2
314,Michaella,Worts,79,mworts8p@trellian.com,Nigeria,,red,123,2
315,Inigo,Gimblett,43,igimblett8q@huffingtonpost.com,France,45075 CEDEX 2,red,106,4
316,Carolan,Shobrook,68,cshobrook8r@wufoo.com,China,,green,411,4
317,Randi,Ofener,68,rofener8s@webmd.com,Russia,188360,red,522,1
318,Carola,Miranda,40,cmiranda8t@yolasite.com,Croatia,10436,green,704,3
319,Cecilla,Creese,56,ccreese8u@cnbc.com,Russia,652245,green,378,2
320,Dwayne,Paulley,62,dpaulley8v@jiathis.com,Vietnam,,red,672,5
321,Ailina,Ivetts,65,aivetts8w@businessweek.com,Russia,430901,red,441,4
322,Lori,Naughton,67,lnaughton8x@cnn.com,Australia,1009,blue,237,5
323,Nicholle,Unthank,50,nunthank8y@seesaa.net,Colombia,731027,green,572,2
324,Fara,Dewbury,31,fdewbury8z@altervista.org,China,,blue,654,5
325,Carlin,Bowhay,75,cbowhay90@squarespace.com,Paraguay,,green,412,3
326,Rodolfo,Banfill,18,rbanfill91@spiegel.de,Nigeria,,blue,944,3
327,Kippie,Knudsen,58,kknudsen92@scientificamerican.com,Spain,12005,red,502,3
328,Haily,Lumbly,18,hlumbly93@patch.com,China,,blue,837,2
329,Mayor,Grinstead,36,mgrinstead94@deliciousdays.com,Russia,694060,red,664,3
330,Carlina,Kendal,22,ckendal95@technorati.com,Indonesia,,green,49,3
331,Patrizia,Hickeringill,79,phickeringill96@buzzfeed.com,Poland,36-200,red,759,4
332,Chris,Urry,34,curry97@blogs.com,Syria,,blue,30,5
333,Chaunce,Templman,39,ctemplman98@engadget.com,Portugal,5060-569,red,542,1
334,Darbee,Tumbelty,43,dtumbelty99@wiley.com,Philippines,6032,blue,676,2
335,Saidee,D'Aeth,71,sdaeth9a@skyrock.com,Sweden,169 35,blue,131,1
336,Levon,Biskup,80,lbiskup9b@apple.com,Brazil,95960-000,blue,206,1
337,Lotte,Keeltagh,21,lkeeltagh9c@omniture.com,Indonesia,,green,827,1
338,Nolana,Wincott,25,nwincott9d@marriott.com,Indonesia,,blue,681,2
339,Hedda,McCrow,66,hmccrow9e@wordpress.com,China,,red,591,5
340,Katherine,Orris,85,korris9f@qq.com,Philippines,5602,green,198,1
341,Annelise,Fretter,60,afretter9g@cnbc.com,China,,green,858,1
342,Chelsey,Andor,28,candor9h@quantcast.com,Philippines,4005,blue,987,3
343,Wanids,Ivashinnikov,52,wivashinnikov9i@msu.edu,China,,blue,499,2
344,Ania,Skellern,47,askellern9j@rakuten.co.jp,Indonesia,,blue,744,5
345,Mellisent,Ruddle,41,mruddle9k@nbcnews.com,Ethiopia,,red,516,4
346,Terrye,Tustin,24,ttustin9l@tuttocitta.it,China,,red,958,3
347,Aime,Idney,35,aidney9m@behance.net,Nigeria,,green,325,4
348,Meyer,Mackison,44,mmackison9n@51.la,Canada,K1G,green,378,1
349,Britt,Moores,82,bmoores9o@cam.ac.uk,Russia,652245,green,64,3
350,Temp,Mildmott,40,tmildmott9p@yelp.com,China,,blue,19,5
351,Freemon,Drinkeld,38,fdrinkeld9q@si.edu,Philippines,3114,red,469,5
352,Tandi,Pounds,30,tpounds9r@samsung.com,China,,blue,268,4
353,Kirk,McCaughran,66,kmccaughran9s@nymag.com,Indonesia,,blue,580,1
354,Gunar,Bortolomei,51,gbortolomei9t@123-reg.co.uk,China,,red,354,3
355,Tawnya,Parkyns,75,tparkyns9u@youku.com,Sweden,131 83,green,946,5
356,Tatiania,Dallimore,24,tdallimore9v@blog.com,China,,red,904,5
357,Garvey,Huegett,77,ghuegett9w@washingtonpost.com,Sweden,341 23,red,407,5
358,Alberik,Pitcaithley,43,apitcaithley9x@sfgate.com,Somalia,,blue,325,1
359,Delphinia,Van Merwe,29,dvanmerwe9y@virginia.edu,Canada,H9G,blue,611,5
360,Misty,Stanbury,67,mstanbury9z@un.org,Indonesia,,blue,364,3
361,Stafani,Imbrey,75,simbreya0@twitpic.com,Russia,628389,red,961,2
362,Holden,Williams,53,hwilliamsa1@cdc.gov,Brazil,57300-000,red,457,3
363,Misty,Ranscombe,57,mranscombea2@artisteer.com,Japan,788-0363,blue,241,3
364,Abbe,Sunnucks,58,asunnucksa3@yahoo.com,Albania,,red,358,4
365,Boycie,Erickson,76,bericksona4@biblegateway.com,Peru,,green,68,3
366,Bren,Geekie,42,bgeekiea5@wix.com,Brazil,62700-000,blue,877,2
367,Holly-anne,Tibbetts,24,htibbettsa6@jugem.jp,Poland,74-510,green,254,2
368,Barnaby,Franzel,45,bfranzela7@desdev.cn,Russia,249360,red,335,2
369,Nari,Tomaello,34,ntomaelloa8@nsw.gov.au,Russia,423430,green,703,1
370,Francyne,Klamman,71,fklammana9@nydailynews.com,Albania,,blue,948,2
371,Giacomo,Helliker,67,ghellikeraa@netlog.com,Ukraine,,red,844,2
372,Denyse,Cheake,65,dcheakeab@sourceforge.net,Indonesia,,blue,482,2
373,Ricky,Eagar,39,reagarac@gizmodo.com,Brazil,89107-000,red,178,4
374,Calvin,Boulsher,21,cboulsherad@livejournal.com,Peru,,blue,501,3
375,Henrietta,Glasbey,74,hglasbeyae@spiegel.de,Argentina,3460,green,684,4
376,Brantley,Folker,33,bfolkeraf@github.io,Portugal,9900-016,green,874,2
377,Clerkclaude,Hawford,53,chawfordag@jalbum.net,Guyana,,red,268,2
378,Rosabelle,Spellissy,28,rspellissyah@feedburner.com,Indonesia,,red,935,4
379,Dasha,Toms,74,dtomsai@epa.gov,Dominican Republic,11518,blue,454,2
380,Fabio,Twelvetree,69,ftwelvetreeaj@utexas.edu,Philippines,4801,red,501,3
381,Harriett,Collinwood,34,hcollinwoodak@narod.ru,France,91009 CEDEX,green,339,4
382,Price,Courtois,41,pcourtoisal@alibaba.com,China,,blue,433,2
383,Lawry,Goodship,80,lgoodshipam@desdev.cn,Indonesia,,blue,758,3
384,Thaddeus,Rusbridge,63,trusbridgean@howstuffworks.com,Colombia,56457,green,356,3
385,Consuela,Cogger,50,ccoggerao@telegraph.co.uk,Poland,26-680,green,574,2
386,Theda,Gauge,77,tgaugeap@archive.org,Brazil,19300-000,blue,995,1
387,Jordana,Klimov,64,jklimovaq@slideshare.net,China,,green,528,5
388,Malissa,Castelain,47,mcastelainar@squidoo.com,China,,blue,982,2
389,Pen,Wollard,79,pwollardas@scientificamerican.com,China,,blue,536,1
390,Melamie,Stubbley,54,mstubbleyat@myspace.com,Indonesia,,blue,868,4
391,Fionnula,Grastye,40,fgrastyeau@usa.gov,Russia,628240,blue,412,4
392,Justin,Spurriar,20,jspurriarav@sciencedaily.com,Indonesia,,blue,44,4
393,Freedman,Claris,47,fclarisaw@ezinearticles.com,Netherlands,8229,red,266,1
394,Stacy,Phippin,78,sphippinax@mediafire.com,Indonesia,,blue,932,3
395,Kyle,Dudin,28,kdudinay@geocities.jp,Portugal,3505-143,green,506,5
396,Deva,Bodycomb,60,dbodycombaz@yellowpages.com,China,,red,71,1
397,Edd,Cluckie,58,ecluckieb0@dmoz.org,China,,red,280,1
398,Esmeralda,Vinck,25,evinckb1@1688.com,Russia,431890,blue,395,3
399,Roanna,Ornells,23,rornellsb2@usda.gov,Tunisia,,blue,767,5
400,Friedrick,Cobello,18,fcobellob3@stumbleupon.com,China,,blue,342,1
401,Caresa,Corwin,43,ccorwinb4@arstechnica.com,China,,red,307,2
402,Kasey,Jinks,68,kjinksb5@abc.net.au,Philippines,1600,green,34,3
403,Lacey,Pavy,50,lpavyb6@ycombinator.com,Russia,390528,green,590,2
404,Tara,Pinn,24,tpinnb7@oracle.com,Azerbaijan,,green,286,3
405,Robinet,Martell,55,rmartellb8@domainmarket.com,Lithuania,38082,red,667,5
406,Hanson,Dunbabin,36,hdunbabinb9@parallels.com,Russia,662133,blue,193,4
407,Atlanta,Augar,28,aaugarba@zimbio.com,Poland,43-178,red,675,5
408,Leupold,Beddie,65,lbeddiebb@rediff.com,Canada,H4J,green,233,3
409,Donaugh,Turri,23,dturribc@wikimedia.org,Poland,87-721,blue,477,2
410,Sherlocke,Buddington,33,sbuddingtonbd@bigcartel.com,Iran,,green,168,1
411,Dianna,Stansall,23,dstansallbe@bbb.org,Argentina,8353,green,948,2
412,Kate,Paradin,62,kparadinbf@bandcamp.com,Venezuela,,green,944,3
413,Glenden,Jakubczyk,77,gjakubczykbg@usatoday.com,China,,green,6,1
414,Evaleen,Feehily,66,efeehilybh@icio.us,Thailand,10130,red,557,4
415,Flss,Measor,30,fmeasorbi@topsy.com,United States,25362,blue,291,3
416,Reggie,Wickmann,19,rwickmannbj@symantec.com,Indonesia,,blue,656,4
417,Xena,Corn,44,xcornbk@blogspot.com,Ukraine,,green,371,2
418,Dur,Dunderdale,85,ddunderdalebl@merriam-webster.com,Indonesia,,red,955,5
419,Blanch,Pracy,66,bpracybm@google.co.jp,China,,green,210,5
420,Lina,Starrs,39,lstarrsbn@domainmarket.com,Poland,83-047,red,68,5
421,Matthus,Barker,85,mbarkerbo@tumblr.com,Indonesia,,red,410,2
422,Leroy,Udie,36,ludiebp@ebay.co.uk,Peru,,blue,73,3
423,Latrena,Wykey,48,lwykeybq@liveinternet.ru,Thailand,74120,green,882,2
424,Darin,Rablen,34,drablenbr@odnoklassniki.ru,Czech Republic,538 51,red,894,1
425,Olenolin,Dorgan,77,odorganbs@uol.com.br,France,49033 CEDEX 01,green,705,2
426,Sula,Ellwell,43,sellwellbt@google.de,Colombia,175007,green,752,3
427,Yuri,Covelle,65,ycovellebu@dion.ne.jp,Sweden,281 23,red,503,4
428,Fenelia,Frascone,60,ffrasconebv@fotki.com,Japan,999-8242,blue,681,3
429,Melisa,Kirke,35,mkirkebw@wix.com,United States,11480,blue,907,5
430,Hart,Teeney,51,hteeneybx@photobucket.com,Indonesia,,red,380,4
431,Nicola,Wooffitt,61,nwooffittby@moonfruit.com,Latvia,,blue,550,5
432,Patsy,Pulley,70,ppulleybz@imageshack.us,Madagascar,,green,149,1
433,Linn,Berthelet,25,lbertheletc0@vistaprint.com,Brazil,76630-000,red,546,3
434,Obed,Lattka,69,olattkac1@sina.com.cn,Russia,164200,blue,80,1
435,Cleveland,Wicher,59,cwicherc2@g.co,Kazakhstan,,green,117,2
436,Barclay,Miskimmon,47,bmiskimmonc3@hp.com,Mexico,70805,blue,995,5
437,Erik,Quaintance,35,equaintancec4@wikia.com,Sweden,434 33,blue,948,4
438,Rafaelita,Awmack,24,rawmackc5@dyndns.org,China,,blue,805,3
439,Rozalin,Gerg,59,rgergc6@ibm.com,Morocco,,green,2,3
440,Netti,Gaisford,33,ngaisfordc7@mail.ru,Philippines,1295,red,252,2
441,Shayla,Nicklin,84,snicklinc8@free.fr,Nigeria,,red,747,3
442,Blancha,Lilleyman,19,blilleymanc9@wix.com,Brazil,38800-000,blue,735,1
443,Jacynth,Pickvance,69,jpickvanceca@cdbaby.com,China,,red,51,2
444,Parrnell,Ingarfield,53,pingarfieldcb@gnu.org,Indonesia,,blue,898,1
445,Skipton,Greatex,76,sgreatexcc@sohu.com,Nigeria,,blue,468,5
446,Nertie,Mullis,23,nmulliscd@nps.gov,Croatia,21252,blue,221,5
447,Morty,Delve,52,mdelvece@ebay.com,Russia,618284,green,722,4
448,Ailis,Athey,48,aatheycf@cdbaby.com,China,,green,565,4
449,Ingrid,Swigger,80,iswiggercg@omniture.com,China,,green,358,2
450,Jane,Igo,81,jigoch@hibu.com,China,,blue,52,4
451,Lars,Deyenhardt,77,ldeyenhardtci@java.com,Democratic Republic of the Congo,,blue,55,4
452,Conni,Haney,23,chaneycj@usnews.com,United States,95894,green,867,2
453,Fey,Michelet,52,fmicheletck@answers.com,Poland,89-320,green,834,3
454,Lusa,Bettam,80,lbettamcl@businesswire.com,Croatia,42207,red,168,2
455,Kaila,MacLaughlin,64,kmaclaughlincm@answers.com,Kazakhstan,,green,430,5
456,Alf,Vallintine,26,avallintinecn@youtu.be,Saint Lucia,,blue,389,5
457,Raquel,Azemar,36,razemarco@ovh.net,Azerbaijan,,blue,661,3
458,Kaela,Conklin,52,kconklincp@nifty.com,Philippines,7104,green,714,4
459,Selle,Mathieson,28,smathiesoncq@vistaprint.com,Canada,G6E,green,960,3
460,Oliviero,Boow,39,oboowcr@issuu.com,China,,green,960,4
461,Dela,Tomasicchio,49,dtomasicchiocs@house.gov,Brazil,77000-000,green,223,4
462,Damian,Oldmeadow,21,doldmeadowct@nationalgeographic.com,Portugal,4605-410,red,889,2
463,Sabra,Cuerda,23,scuerdacu@studiopress.com,Madagascar,,red,335,3
464,Bonnie,Pyford,34,bpyfordcv@jiathis.com,Slovenia,1293,blue,376,5
465,Early,Kulver,53,ekulvercw@utexas.edu,Ukraine,,blue,617,3
466,Karrie,Pautard,37,kpautardcx@hud.gov,Brazil,14150-000,red,342,1
467,Lizbeth,Kirgan,80,lkirgancy@wp.com,Philippines,5514,green,543,1
468,Laurens,Zoane,28,lzoanecz@reverbnation.com,Ireland,H23,green,326,2
469,Anatollo,Mandifield,37,amandifieldd0@nasa.gov,Azerbaijan,,green,233,2
470,Denise,MacGiany,56,dmacgianyd1@dmoz.org,Ethiopia,,red,557,4
471,Kirsten,Boldt,79,kboldtd2@scientificamerican.com,Indonesia,,blue,99,5
472,Shelly,Clutterbuck,83,sclutterbuckd3@creativecommons.org,Central African Republic,,red,659,3
473,Martino,O'Howbane,66,mohowbaned4@fastcompany.com,Portugal,4770-014,blue,175,4
474,Tabbi,Prisk,75,tpriskd5@cam.ac.uk,Colombia,684039,green,132,2
475,Devinne,Orkney,30,dorkneyd6@pagesperso-orange.fr,China,,green,380,4
476,Finlay,Winsbury,40,fwinsburyd7@oaic.gov.au,Indonesia,,red,345,1
477,Giffard,Dampney,68,gdampneyd8@reddit.com,Norway,5895,blue,822,1
478,Devland,Mordey,66,dmordeyd9@goodreads.com,Canada,N0K,blue,293,1
479,Corbin,Ford,33,cfordda@nba.com,Indonesia,,red,733,2
480,Charis,Wison,35,cwisondb@is.gd,United States,95194,green,684,5
481,Mata,Shovel,23,mshoveldc@kickstarter.com,Ukraine,,red,893,4
482,Moishe,Crocker,30,mcrockerdd@instagram.com,China,,blue,39,5
483,Kary,Drains,43,kdrainsde@behance.net,Russia,445560,blue,349,2
484,Nataline,Lillegard,61,nlillegarddf@google.com,United States,2203,red,885,1
485,Melamie,Hackwell,63,mhackwelldg@last.fm,Botswana,,blue,398,1
486,Gran,Guiot,81,gguiotdh@irs.gov,Indonesia,,red,521,4
487,Ileane,Jeves,25,ijevesdi@addthis.com,Ghana,,red,901,2
488,Wilma,Husbands,43,whusbandsdj@uol.com.br,Russia,460960,red,798,5
489,Regan,Topper,20,rtopperdk@independent.co.uk,Brazil,29560-000,green,266,4
490,Miran,Godridge,76,mgodridgedl@jugem.jp,Indonesia,,green,82,1
491,Teodoor,Joinson,52,tjoinsondm@desdev.cn,Georgia,,red,352,3
492,Bernard,Bennetto,32,bbennettodn@digg.com,Vietnam,,green,99,2
493,Sybil,Josiah,59,sjosiahdo@tmall.com,Japan,789-1301,blue,661,2
494,Gar,Farden,65,gfardendp@mozilla.com,China,,blue,643,1
495,Barby,Hallut,61,bhallutdq@harvard.edu,South Korea,,red,825,1
496,Eadmund,Beyne,44,ebeynedr@prlog.org,Burundi,,blue,247,3
497,Linoel,Eam,43,leamds@businessweek.com,Japan,323-0051,blue,843,4
498,Gleda,Sedgefield,51,gsedgefielddt@amazon.co.jp,Malaysia,75910,red,984,1
499,Ailey,Duignan,40,aduignandu@addtoany.com,Cameroon,,green,537,4
500,Dietrich,Dagless,53,ddaglessdv@github.com,Madagascar,,green,327,3
501,Teena,Lohoar,62,tlohoardw@dot.gov,Philippines,6330,green,155,5
502,Clark,Jobey,39,cjobeydx@liveinternet.ru,Russia,369264,red,316,3
503,Findley,Middlemass,82,fmiddlemassdy@microsoft.com,Albania,,green,98,2
504,Allyce,Kollasch,48,akollaschdz@auda.org.au,Netherlands,5019,red,449,4
505,Courtney,Hitchens,82,chitchense0@t.co,Lithuania,55014,blue,860,5
506,Rory,Ockendon,20,rockendone1@wix.com,Croatia,51513,green,106,5
507,Kelila,Stonhard,41,kstonharde2@techcrunch.com,China,,green,178,5
508,Guy,Bruckstein,62,gbrucksteine3@themeforest.net,Indonesia,,blue,830,3
509,Cyrus,Bosse,59,cbossee4@gizmodo.com,China,,blue,420,3
510,Itch,Strang,54,istrange5@netlog.com,France,48005 CEDEX,blue,55,5
511,Mora,Farrow,27,mfarrowe6@xrea.com,Tajikistan,,green,92,1
512,Mandy,Baum,40,mbaume7@senate.gov,Bangladesh,8700,red,114,5
513,Kalvin,Hof,51,khofe8@yandex.ru,Lebanon,,blue,167,2
514,Halley,Cleaton,36,hcleatone9@indiegogo.com,Indonesia,,green,913,4
515,Delaney,Stallard,76,dstallardea@mit.edu,Kazakhstan,,red,391,2
516,Greer,Shortall,58,gshortalleb@fc2.com,China,,red,764,3
517,Grady,Mungham,51,gmunghamec@japanpost.jp,Czech Republic,273 71,green,853,3
518,Stanley,Kennon,69,skennoned@abc.net.au,Nigeria,,blue,600,1
519,Diannne,Mullord,65,dmullordee@house.gov,Bangladesh,9202,green,658,2
520,Sig,Link,34,slinkef@cbslocal.com,China,,blue,124,2
521,Far,Heams,60,fheamseg@wordpress.org,Sweden,271 22,blue,558,4
522,Edmon,Leyson,82,eleysoneh@fotki.com,Argentina,3718,green,108,4
523,Bessy,Menauteau,31,bmenauteauei@nytimes.com,New Caledonia,98813,red,991,5
524,Ulberto,D'Enrico,52,udenricoej@rediff.com,Venezuela,,blue,316,3
525,Rianon,Gutsell,85,rgutsellek@nature.com,Brazil,17580-000,green,866,2
526,Jarrad,Jeanneau,58,jjeanneauel@wordpress.com,Afghanistan,,red,22,2
527,Angie,Paolazzi,23,apaolazziem@privacy.gov.au,Russia,175260,blue,479,2
528,Ida,Petru,75,ipetruen@people.com.cn,Argentina,4417,green,806,4
529,Michelina,Itter,20,mittereo@microsoft.com,Portugal,4615-544,red,567,2
530,Theodoric,Moule,74,tmouleep@usda.gov,China,,blue,942,1
531,Andrea,Izkovicz,52,aizkoviczeq@cafepress.com,Japan,579-8066,blue,389,3
532,Anatollo,Chapelle,18,achapelleer@liveinternet.ru,Poland,64-061,blue,188,3
533,Lilith,Mapam,29,lmapames@amazon.de,South Africa,1497,red,789,1
534,Bail,Relf,61,brelfet@jugem.jp,Indonesia,,green,434,4
535,Delphine,Geeraert,42,dgeeraerteu@liveinternet.ru,Russia,617000,red,2,2
536,Shellysheldon,Clilverd,65,sclilverdev@meetup.com,South Africa,5097,blue,252,2
537,Alfie,Boscher,31,aboscherew@51.la,Ukraine,,green,92,1
538,Gunar,Gilliam,32,ggilliamex@rakuten.co.jp,Sweden,263 36,green,20,3
539,Raffaello,Dulwitch,48,rdulwitchey@miitbeian.gov.cn,China,,red,818,4
540,Gayle,Maty,49,gmatyez@devhub.com,Russia,352808,blue,767,5
541,Luigi,Bedward,26,lbedwardf0@amazon.com,Indonesia,,blue,520,3
542,Pammi,Peterken,79,ppeterkenf1@lulu.com,Russia,169205,blue,572,2
543,Meyer,Drinkel,85,mdrinkelf2@cdbaby.com,Indonesia,,blue,570,1
544,Bendick,Kellogg,28,bkelloggf3@java.com,Russia,303623,green,933,1
545,Fergus,Beckley,29,fbeckleyf4@java.com,Estonia,,blue,308,4
546,Audi,Howden,73,ahowdenf5@goo.ne.jp,United States,76598,blue,324,5
547,Adrian,Ternouth,45,aternouthf6@cdc.gov,Brazil,29830-000,blue,771,4
548,Gregor,Barbisch,66,gbarbischf7@businesswire.com,Sweden,511 58,red,354,4
549,Margi,Knevet,58,mknevetf8@alexa.com,Latvia,,green,924,4
550,Fiona,Scambler,58,fscamblerf9@chronoengine.com,China,,red,108,3
551,Edie,Chase,85,echasefa@dailymotion.com,Iran,,blue,266,4
552,Bale,Komorowski,61,bkomorowskifb@cbc.ca,Indonesia,,green,967,3
553,Lula,Sinson,61,lsinsonfc@cdbaby.com,China,,green,121,5
554,Jemmie,Spearman,51,jspearmanfd@goo.gl,Paraguay,,green,120,2
555,Ashli,Thewless,80,athewlessfe@bluehost.com,Philippines,1696,green,9,1
556,Debor,Tickner,18,dticknerff@guardian.co.uk,Sweden,791 75,green,159,1
557,Dee,Horick,24,dhorickfg@imgur.com,China,,red,242,2
558,Tamra,Hagwood,59,thagwoodfh@scribd.com,Venezuela,,green,644,3
559,Ruthy,Southward,37,rsouthwardfi@hibu.com,Czech Republic,530 12,red,663,4
560,Rosalinde,Leppingwell,62,rleppingwellfj@surveymonkey.com,Japan,989-0222,blue,641,2
561,Kaitlin,Slora,80,kslorafk@home.pl,United States,34114,green,396,4
562,Flin,Rosenwasser,21,frosenwasserfl@bluehost.com,Indonesia,,green,643,5
563,Kin,Bunnell,26,kbunnellfm@jugem.jp,Indonesia,,green,442,1
564,Ilyssa,Presslee,68,ipressleefn@google.com.au,Mexico,81806,green,370,2
565,Constantina,Paolini,18,cpaolinifo@engadget.com,Brazil,59550-000,blue,821,5
566,Clay,O'Rodane,51,corodanefp@fastcompany.com,Russia,655131,blue,673,4
567,Garvey,Ivain,18,givainfq@wikispaces.com,China,,green,231,3
568,Haywood,Martignon,53,hmartignonfr@alibaba.com,Thailand,18140,red,929,4
569,Buddy,Lardner,50,blardnerfs@deviantart.com,Indonesia,,blue,686,5
570,Garald,Greenwell,24,ggreenwellft@blogger.com,Indonesia,,blue,617,2
571,Eddi,McKue,82,emckuefu@geocities.jp,Philippines,2504,green,564,1
572,Vince,Gawne,81,vgawnefv@hugedomains.com,Brazil,68625-000,red,133,5
573,Bird,Radish,80,bradishfw@geocities.com,Philippines,1105,blue,296,1
574,Elsa,Claibourn,29,eclaibournfx@prlog.org,France,11803 CEDEX 9,red,104,4
575,Dianna,Pawnsford,34,dpawnsfordfy@archive.org,Democratic Republic of the Congo,,red,937,5
576,Isahella,Troucher,54,itroucherfz@ow.ly,Portugal,4950-070,blue,446,4
577,Ilyse,Pumphrey,82,ipumphreyg0@pagesperso-orange.fr,Czech Republic,763 11,blue,66,5
578,Waite,Muckersie,24,wmuckersieg1@alexa.com,China,,blue,632,5
579,Joelie,Boribal,31,jboribalg2@archive.org,Norway,9285,blue,366,3
580,Wilbert,Sellor,59,wsellorg3@google.com.br,Panama,,blue,873,5
581,Bunnie,Lyfe,85,blyfeg4@a8.net,United States,12210,green,87,4
582,Lothario,Cawthron,75,lcawthrong5@wired.com,Dominican Republic,11704,red,950,2
583,Karleen,Sangster,44,ksangsterg6@joomla.org,Mongolia,,green,493,5
584,Carleen,Lavies,82,claviesg7@ihg.com,Philippines,9408,green,410,4
585,Amanda,Conkling,25,aconklingg8@nifty.com,Russia,238548,blue,151,1
586,Mauricio,McMenamin,44,mmcmenaming9@dailymotion.com,Indonesia,,green,429,4
587,Penny,Greenhow,69,pgreenhowga@sohu.com,Indonesia,,green,674,2
588,Yolanda,Danneil,84,ydanneilgb@opensource.org,Portugal,4640-324,green,797,2
589,Chicky,Lethcoe,34,clethcoegc@nature.com,Morocco,,green,360,5
590,Janaya,Philipp,66,jphilippgd@blogtalkradio.com,Nigeria,,blue,758,4
591,Modestine,Pudsall,68,mpudsallge@unblog.fr,Cyprus,,red,576,2
592,Dominic,Daveran,56,ddaverangf@chronoengine.com,Yemen,,blue,205,2
593,Yetty,Crudginton,73,ycrudgintongg@hugedomains.com,China,,red,298,4
594,Barrie,Trehearn,59,btrehearngh@ask.com,Canada,T9M,blue,890,1
595,Dukie,Cuttin,41,dcuttingi@oracle.com,China,,red,223,1
596,Logan,Jiruch,26,ljiruchgj@bloglovin.com,South Africa,2762,red,170,1
597,Babbette,Monni,22,bmonnigk@latimes.com,Slovenia,6333,green,905,3
598,Olga,Tidgewell,83,otidgewellgl@wikimedia.org,Mexico,36800,green,874,1
599,Karyl,Massie,37,kmassiegm@ehow.com,Syria,,red,451,5
600,Xever,Gladwish,66,xgladwishgn@myspace.com,Russia,681008,red,405,2
601,Shelagh,Roaf,69,sroafgo@noaa.gov,Guatemala,13007,blue,479,3
602,Leonard,Charleston,26,lcharlestongp@microsoft.com,Brazil,37660-000,green,670,2
603,Donny,Kleisle,49,dkleislegq@cbslocal.com,Brazil,64770-000,red,794,5
604,Hadleigh,McSherry,28,hmcsherrygr@cam.ac.uk,Sweden,184 70,blue,459,3
605,Wallas,Ace,85,wacegs@rambler.ru,Indonesia,,blue,37,1
606,Fredra,Huck,67,fhuckgt@amazon.de,China,,green,745,1
607,Susie,Bayly,71,sbaylygu@icq.com,Jordan,,blue,13,4
608,Winn,Clemenson,66,wclemensongv@mediafire.com,China,,green,128,3
609,Donaugh,Potteridge,31,dpotteridgegw@google.com.hk,China,,blue,505,5
610,Marisa,Greggersen,30,mgreggersengx@soundcloud.com,Portugal,2430-418,green,590,5
611,Raddy,Korbmaker,55,rkorbmakergy@i2i.jp,Guam,96931,red,602,5
612,Fawnia,Looby,47,floobygz@google.com.au,China,,green,663,3
613,Darren,Paoloni,42,dpaolonih0@sina.com.cn,Japan,286-0221,red,815,4
614,Lindie,Cello,20,lcelloh1@indiatimes.com,Nicaragua,,red,606,3
615,Katya,Readwood,53,kreadwoodh2@princeton.edu,United States,33448,green,60,1
616,Danya,Gilson,27,dgilsonh3@uol.com.br,United States,2298,blue,204,5
617,Anjela,Stutely,64,astutelyh4@ifeng.com,China,,blue,894,4
618,Marris,Van Hove,44,mvanhoveh5@merriam-webster.com,China,,blue,415,1
619,Gaelan,Vannucci,18,gvannuccih6@noaa.gov,Czech Republic,289 34,green,51,2
620,Orelee,Marcinkus,52,omarcinkush7@ycombinator.com,Netherlands,4839,green,859,4
621,Salim,Marsie,29,smarsieh8@cornell.edu,Syria,,blue,830,5
622,Hermon,Piet,34,hpieth9@alexa.com,Venezuela,,green,910,3
623,Robbi,Darkott,37,rdarkottha@fotki.com,Russia,141340,blue,788,1
624,Nels,Karlowicz,29,nkarlowiczhb@soundcloud.com,Brazil,14820-000,red,536,5
625,Bard,Serchwell,74,bserchwellhc@apple.com,Argentina,3240,green,488,4
626,Eddy,Tonkinson,62,etonkinsonhd@last.fm,Luxembourg,L-8374,blue,438,1
627,Leandra,Cheyney,52,lcheyneyhe@nydailynews.com,Portugal,5155-705,green,902,3
628,Trudy,Berardt,51,tberardthf@elpais.com,Portugal,4600-661,red,136,3
629,Etti,Carek,21,ecarekhg@fotki.com,Poland,38-606,blue,742,5
630,Susanne,Sheirlaw,20,ssheirlawhh@desdev.cn,Poland,05-870,red,893,4
631,Jessa,Bengtsen,77,jbengtsenhi@posterous.com,China,,red,627,5
632,Sergei,Hindsberg,31,shindsberghj@eepurl.com,France,59024 CEDEX,red,352,5
633,Sarene,Nesbit,49,snesbithk@ebay.com,Poland,68-120,blue,525,4
634,Travers,Peealess,64,tpeealesshl@mozilla.com,Greece,,green,152,3
635,Gerardo,Yegorkin,27,gyegorkinhm@discuz.net,Russia,678711,blue,264,4
636,Branden,Pygott,82,bpygotthn@google.de,Indonesia,,green,349,3
637,Napoleon,Magrane,47,nmagraneho@delicious.com,Indonesia,,red,782,5
638,Charlotta,Phillcock,58,cphillcockhp@shinystat.com,Senegal,,green,446,5
639,Jose,Castelain,22,jcastelainhq@mac.com,Kosovo,,red,784,2
640,Gratia,Presnell,29,gpresnellhr@plala.or.jp,Greece,,blue,582,5
641,Terence,Scutter,60,tscutterhs@ezinearticles.com,Australia,1424,blue,800,2
642,Adele,Margetson,37,amargetsonht@chronoengine.com,Indonesia,,green,856,5
643,Fremont,Barthelmes,22,fbarthelmeshu@dailymail.co.uk,Philippines,2017,green,688,4
644,Dom,Gumb,65,dgumbhv@1und1.de,Poland,58-371,red,328,4
645,Annis,Wetheril,81,awetherilhw@businessinsider.com,Central African Republic,,green,302,4
646,Anatollo,Coram,69,acoramhx@merriam-webster.com,Ukraine,,green,770,1
647,Hedvige,Dalgardno,52,hdalgardnohy@pbs.org,Portugal,2840-137,red,336,5
648,Westbrook,Simenet,59,wsimenethz@adobe.com,Mongolia,,red,768,2
649,Abbe,Jury,39,ajuryi0@bluehost.com,Finland,42301,blue,884,5
650,Julee,Corballis,19,jcorballisi1@illinois.edu,Israel,,green,988,1
651,Jaclyn,Longhorn,84,jlonghorni2@army.mil,Brazil,55640-000,red,243,1
652,Susie,Mcasparan,19,smcasparani3@csmonitor.com,Czech Republic,742 54,red,958,1
653,Kaela,Floris,53,kflorisi4@bbc.co.uk,Tunisia,,green,298,2
654,Olvan,Craisford,18,ocraisfordi5@unesco.org,Indonesia,,green,790,2
655,Rici,Patmore,41,rpatmorei6@sun.com,Peru,,blue,658,1
656,Irving,Pautard,60,ipautardi7@godaddy.com,Vietnam,,green,116,3
657,Delora,Havoc,85,dhavoci8@ameblo.jp,Russia,461509,blue,72,2
658,Johna,Hellings,85,jhellingsi9@blogtalkradio.com,Japan,869-5604,green,47,1
659,Bennie,Hambleton,36,bhambletonia@scientificamerican.com,Sweden,126 12,blue,568,5
660,Liuka,Cotterill,44,lcotterillib@stanford.edu,Belarus,,red,558,1
661,Egan,Simons,37,esimonsic@vkontakte.ru,Russia,667999,blue,756,1
662,Ronni,Densell,18,rdensellid@tamu.edu,Russia,601136,blue,41,4
663,Goldi,Priver,18,gpriverie@sun.com,China,,red,365,5
664,Rafferty,Dunk,34,rdunkif@netlog.com,Brazil,83500-000,red,592,3
665,Roslyn,Norrey,71,rnorreyig@adobe.com,Argentina,2529,red,92,4
666,Devonna,Feron,35,dferonih@cloudflare.com,Japan,742-0021,green,705,4
667,Neille,Pickover,78,npickoverii@ucsd.edu,France,74009 CEDEX,blue,57,3
668,Marcella,Akam,53,makamij@friendfeed.com,Cuba,,blue,460,2
669,Bathsheba,Tschierse,66,btschierseik@bluehost.com,Indonesia,,red,476,2
670,Lindy,Simons,48,lsimonsil@guardian.co.uk,China,,blue,811,2
671,Ilysa,Pentelo,83,ipenteloim@deliciousdays.com,Japan,329-1311,red,998,3
672,Kahaleel,Malitrott,59,kmalitrottin@comsenz.com,China,,blue,34,2
673,Vincenz,Houldcroft,68,vhouldcroftio@4shared.com,Peru,,red,54,5
674,Jacques,Gellion,68,jgellionip@amazonaws.com,Brazil,14600-000,red,552,4
675,Drusi,Ladloe,54,dladloeiq@facebook.com,Ireland,D24,red,927,3
676,Zulema,McUre,83,zmcureir@craigslist.org,Sweden,121 48,red,972,1
677,Trev,Delgua,22,tdelguais@jugem.jp,Slovenia,9204,red,565,2
678,Verena,Mettericke,48,vmetterickeit@sciencedirect.com,Sudan,,green,47,4
679,Stanwood,Eastbury,60,seastburyiu@indiatimes.com,Malaysia,91127,green,131,4
680,Elysee,Fone,83,efoneiv@amazon.com,Philippines,7204,blue,935,3
681,Claiborne,Renzullo,58,crenzulloiw@webmd.com,Tunisia,,blue,23,5
682,Woodie,Dance,52,wdanceix@shareasale.com,Thailand,13260,blue,491,1
683,Dunn,Cahan,70,dcahaniy@icio.us,Thailand,73110,green,211,3
684,Mavra,Doman,53,mdomaniz@livejournal.com,Philippines,6344,green,952,3
685,Lucila,Aveline,22,lavelinej0@businessweek.com,Philippines,6510,red,513,4
686,Thurstan,Kobiera,65,tkobieraj1@xinhuanet.com,Indonesia,,blue,996,5
687,Deni,Blitzer,39,dblitzerj2@intel.com,Sweden,592 40,blue,356,1
688,Damara,Houlison,27,dhoulisonj3@infoseek.co.jp,China,,blue,413,3
689,Aldous,Kikke,58,akikkej4@google.es,Indonesia,,blue,204,1
690,Valene,Carlson,84,vcarlsonj5@wisc.edu,China,,blue,691,2
691,Carolyne,Pymer,71,cpymerj6@canalblog.com,Chile,,green,527,1
692,Selestina,Rumens,53,srumensj7@artisteer.com,Indonesia,,blue,655,2
693,Woodman,Del Dello,65,wdeldelloj8@cocolog-nifty.com,Ukraine,,red,728,1
694,Aymer,Batchelor,28,abatchelorj9@house.gov,Colombia,544038,red,295,3
695,Jorey,Siaspinski,18,jsiaspinskija@drupal.org,Greece,,blue,974,3
696,Gillan,Deignan,26,gdeignanjb@a8.net,China,,red,179,5
697,Jaclyn,Ifill,29,jifilljc@cisco.com,Honduras,,red,681,5
698,Jordan,Dullingham,51,jdullinghamjd@wp.com,Serbia,,blue,732,5
699,Gallagher,Rosone,43,grosoneje@mashable.com,Indonesia,,green,730,3
700,Crosby,De Bernardi,70,cdebernardijf@tamu.edu,China,,red,99,5
701,Keary,Frossell,67,kfrosselljg@csmonitor.com,Indonesia,,green,850,4
702,Berti,Yosevitz,53,byosevitzjh@amazon.com,Indonesia,,red,518,3
703,Henka,Hapgood,34,hhapgoodji@wix.com,Kenya,,blue,489,5
704,Marcelia,Spinnace,23,mspinnacejj@hc360.com,Czech Republic,538 51,blue,596,1
705,Zorina,Pexton,35,zpextonjk@shinystat.com,Russia,694210,red,917,5
706,Wes,Horbath,74,whorbathjl@blogger.com,Greece,,blue,679,1
707,Susanetta,Boland,31,sbolandjm@deliciousdays.com,China,,red,920,5
708,Burt,Winslett,55,bwinslettjn@creativecommons.org,Philippines,4424,green,157,1
709,Gardiner,Commander,81,gcommanderjo@webnode.com,Philippines,4108,blue,284,4
710,Adamo,Kelley,38,akelleyjp@un.org,Brazil,32900-000,red,656,2
711,Tallia,Allaker,21,tallakerjq@mysql.com,Gabon,,green,936,5
712,Astrid,Markushkin,63,amarkushkinjr@google.co.jp,Macedonia,2220,red,186,3
713,Glynn,Gerrelt,19,ggerreltjs@surveymonkey.com,South Korea,,green,730,2
714,Winn,Sleightholme,38,wsleightholmejt@sbwire.com,China,,red,724,5
715,Katey,Cato,62,kcatoju@reuters.com,China,,red,127,1
716,Hendrick,Callar,58,hcallarjv@smh.com.au,China,,blue,376,3
717,Jereme,Godding,63,jgoddingjw@gnu.org,China,,red,57,4
718,Harri,Khristyukhin,24,hkhristyukhinjx@vistaprint.com,Kosovo,,green,724,4
719,Ricard,Mee,79,rmeejy@vimeo.com,Poland,21-146,green,25,2
720,Westbrook,Kalkofen,75,wkalkofenjz@sun.com,Russia,460056,blue,614,2
721,Elyn,Crunkhorn,31,ecrunkhornk0@hhs.gov,Indonesia,,red,809,3
722,Cristian,Strang,76,cstrangk1@theguardian.com,Poland,37-121,blue,1000,1
723,Jacqui,Millthorpe,47,jmillthorpek2@51.la,Japan,435-0055,blue,265,5
724,Adriena,FitzGeorge,79,afitzgeorgek3@jigsy.com,Poland,48-304,blue,235,1
725,Doralynne,Petschel,68,dpetschelk4@shareasale.com,Sweden,459 30,blue,291,4
726,Thomasa,O'Farrell,73,tofarrellk5@example.com,France,59663 CEDEX,blue,316,3
727,Sallie,Ishaki,55,sishakik6@businessinsider.com,Indonesia,,blue,494,2
728,Reggie,Hummerston,84,rhummerstonk7@ocn.ne.jp,China,,red,994,3
729,Monro,Pear,47,mpeark8@vkontakte.ru,China,,red,764,1
730,Ulric,Downham,49,udownhamk9@prweb.com,Indonesia,,green,12,4
731,Lind,Jouen,72,ljouenka@imgur.com,Indonesia,,blue,691,3
732,Catlin,Rafe,71,crafekb@webeden.co.uk,Brazil,13650-000,blue,326,1
733,Vonny,Ollier,38,vollierkc@oaic.gov.au,Russia,357565,red,977,5
734,Monti,Grishakin,66,mgrishakinkd@amazon.de,Brazil,79550-000,blue,828,3
735,Dinnie,Ellse,75,dellseke@go.com,Sweden,112 45,blue,372,2
736,Malorie,Tungay,72,mtungaykf@bing.com,Indonesia,,blue,583,4
737,Evaleen,Mitchel,40,emitchelkg@tamu.edu,China,,red,380,2
738,Eilis,Meaton,46,emeatonkh@alibaba.com,Indonesia,,red,759,3
739,Teddy,Hubbocks,52,thubbockski@goodreads.com,Portugal,4690-580,blue,47,5
740,Cullin,Jenne,69,cjennekj@trellian.com,United States,60619,blue,694,4
741,Jobina,Chappell,65,jchappellkk@csmonitor.com,China,,blue,357,2
742,Cherice,Brooke,68,cbrookekl@chicagotribune.com,Kenya,,green,543,4
743,Thayne,Sherburn,54,tsherburnkm@surveymonkey.com,Zambia,,red,743,3
744,Merna,Eggers,67,meggerskn@usda.gov,China,,red,930,3
745,Celinda,Rhodes,29,crhodesko@usda.gov,Mongolia,,blue,777,2
746,Brina,Garland,20,bgarlandkp@soundcloud.com,Sweden,571 82,blue,251,5
747,Frederica,Matijevic,46,fmatijevickq@meetup.com,Honduras,,blue,539,1
748,Lexy,Bramham,85,lbramhamkr@wunderground.com,Brazil,89460-000,red,305,4
749,Janos,Hennington,23,jhenningtonks@google.pl,Croatia,47304,red,169,5
750,Jacenta,Matteo,72,jmatteokt@geocities.com,Poland,72-022,red,704,2
751,Eustacia,Gabbitas,71,egabbitasku@jimdo.com,Portugal,7370-012,green,476,4
752,Hi,Margerrison,28,hmargerrisonkv@twitpic.com,Indonesia,,red,986,3
753,Dasie,MacAskie,29,dmacaskiekw@google.nl,China,,blue,523,4
754,Eugen,West-Frimley,80,ewestfrimleykx@xing.com,Canada,L6G,blue,794,4
755,Arlana,Hawes,58,ahawesky@prlog.org,Uganda,,red,718,1
756,Otho,Farlham,71,ofarlhamkz@amazon.co.uk,Argentina,1702,red,347,4
757,Gina,Yushkov,37,gyushkovl0@furl.net,Malaysia,41720,red,985,2
758,Hephzibah,Palser,68,hpalserl1@dot.gov,Peru,,red,659,3
759,Georgie,Claxton,56,gclaxtonl2@aboutads.info,Sweden,100 73,red,846,3
760,Alfonse,Hatcher,48,ahatcherl3@chronoengine.com,Ukraine,,blue,218,3
761,Drud,Grinston,48,dgrinstonl4@ebay.com,Germany,80804,blue,115,2
762,Elnora,Freschini,36,efreschinil5@prlog.org,South Korea,,blue,328,2
763,Janis,Westnage,85,jwestnagel6@ted.com,Ukraine,,red,118,3
764,Lee,Minihan,74,lminihanl7@slate.com,Suriname,,blue,427,5
765,Kirk,Tidcombe,30,ktidcombel8@auda.org.au,China,,red,900,3
766,Viki,Batts,82,vbattsl9@pbs.org,China,,green,282,4
767,Erin,Leadbitter,47,eleadbitterla@dedecms.com,China,,red,682,1
768,Dawna,Gerbel,20,dgerbellb@pcworld.com,Ukraine,,red,533,4
769,Noah,Hoolaghan,31,nhoolaghanlc@histats.com,Poland,23-302,red,448,1
770,Sonja,Hardi,54,shardild@mac.com,China,,red,888,5
771,Dagny,Tiddy,78,dtiddyle@weebly.com,Indonesia,,green,570,5
772,Felicio,Kitter,30,fkitterlf@nature.com,China,,red,667,1
773,Noll,Erickson,20,nericksonlg@apple.com,Mozambique,,green,744,3
774,Alta,Cottham,49,acotthamlh@vinaora.com,Croatia,40324,blue,579,1
775,Chiquita,Charkham,26,ccharkhamli@washingtonpost.com,Armenia,,blue,468,5
776,Ainslie,Priestland,63,apriestlandlj@dyndns.org,Japan,339-0061,red,160,3
777,Pen,Hardisty,73,phardistylk@networksolutions.com,Japan,729-5122,green,538,4
778,Sloane,Rosettini,36,srosettinill@goo.gl,Nigeria,,blue,651,5
779,Melisande,Urridge,73,murridgelm@yelp.com,China,,red,416,2
780,Parry,Bartholomaus,40,pbartholomausln@usda.gov,Indonesia,,blue,524,3
781,Hamlin,Elsie,53,helsielo@biglobe.ne.jp,Russia,623220,blue,674,2
782,Joane,Abbie,37,jabbielp@storify.com,China,,green,976,1
783,Rich,Aspinell,67,raspinelllq@uol.com.br,China,,green,618,4
784,Lucho,Fivey,55,lfiveylr@cbslocal.com,China,,red,355,3
785,Valentina,Handes,53,vhandesls@nps.gov,China,,green,639,5
786,Goraud,Bestwall,30,gbestwalllt@house.gov,France,25215 CEDEX,blue,666,1
787,Sigrid,Blankett,44,sblankettlu@shareasale.com,Angola,,red,817,3
788,Henderson,Abdon,54,habdonlv@tamu.edu,Spain,8190,green,999,4
789,Constancy,Quinell,19,cquinelllw@mysql.com,China,,blue,741,5
790,Benyamin,Salerno,51,bsalernolx@flavors.me,Indonesia,,green,338,4
791,Amanda,Divisek,78,adivisekly@mediafire.com,Ireland,D17,blue,878,5
792,Jayne,Cullinan,43,jcullinanlz@dailymotion.com,China,,red,580,5
793,Rock,Pikhno,73,rpikhnom0@cargocollective.com,Indonesia,,green,865,3
794,Zerk,Izakovitz,85,zizakovitzm1@homestead.com,Indonesia,,blue,699,2
795,Alma,Konertz,58,akonertzm2@go.com,Poland,09-200,red,431,4
796,Torrance,Mitchely,30,tmitchelym3@macromedia.com,Ukraine,,red,923,4
797,Reginauld,McNess,52,rmcnessm4@ask.com,Germany,68239,red,885,4
798,Briggs,Oxbe,34,boxbem5@psu.edu,Poland,26-680,red,346,4
799,Norry,Leworthy,45,nleworthym6@ovh.net,China,,red,555,4
800,Sigismundo,Bednall,77,sbednallm7@comsenz.com,Finland,35530,blue,834,4
801,Homer,Kaas,25,hkaasm8@addtoany.com,Zambia,,green,39,2
802,Klara,Beaty,40,kbeatym9@bloomberg.com,Indonesia,,red,483,1
803,Jenny,Artharg,84,jarthargma@hp.com,China,,red,470,2
804,Lizbeth,Soldner,50,lsoldnermb@ucla.edu,Russia,347395,green,258,5
805,Gusti,Shirtcliffe,52,gshirtcliffemc@hubpages.com,Sweden,522 24,red,83,2
806,Arie,Harriss,58,aharrissmd@irs.gov,China,,red,960,2
807,Cornelle,Padson,32,cpadsonme@sciencedaily.com,Poland,62-056,green,664,2
808,Damara,Worgen,78,dworgenmf@w3.org,France,35903 CEDEX 9,red,16,5
809,Jyoti,Haighton,58,jhaightonmg@about.me,Pakistan,12251,red,773,5
810,Wenona,Levesley,57,wlevesleymh@globo.com,Canada,G5N,blue,391,3
811,Ilka,Crimpe,54,icrimpemi@boston.com,Russia,368222,green,123,5
812,Blanca,Ort,49,bortmj@virginia.edu,Indonesia,,red,712,1
813,Belinda,Rouzet,55,brouzetmk@yellowbook.com,Indonesia,,red,108,4
814,Darcie,Skokoe,71,dskokoeml@devhub.com,China,,blue,215,2
815,Clevey,Phettiplace,23,cphettiplacemm@scientificamerican.com,China,,red,42,4
816,Blane,Folonin,66,bfoloninmn@slashdot.org,Sweden,126 36,green,437,5
817,Reade,Beddis,75,rbeddismo@uiuc.edu,Tanzania,,green,365,1
818,Ethan,Iredell,53,eiredellmp@artisteer.com,China,,blue,474,3
819,Tracie,Comar,54,tcomarmq@topsy.com,Sweden,183 77,blue,317,1
820,Jenilee,Bencher,85,jbenchermr@uol.com.br,Japan,989-1505,blue,335,2
821,Sergei,Cardus,33,scardusms@tuttocitta.it,Greece,,red,3,4
822,Michail,Alekseev,77,malekseevmt@example.com,China,,green,791,1
823,Thor,Freer,44,tfreermu@ted.com,Mexico,95600,red,682,5
824,Boyce,Ellens,30,bellensmv@last.fm,Panama,,green,74,2
825,Alexandros,Stean,78,asteanmw@github.com,China,,blue,262,1
826,Libby,Kilroy,29,lkilroymx@odnoklassniki.ru,Central African Republic,,green,829,4
827,Mortimer,Ferrao,73,mferraomy@php.net,Costa Rica,60306,blue,849,1
828,Klarika,Ville,18,kvillemz@prnewswire.com,Portugal,5320-305,green,736,2
829,Adriena,Ledstone,81,aledstonen0@4shared.com,Honduras,,blue,457,3
830,Miguel,Joe,53,mjoen1@opera.com,Kenya,,blue,136,4
831,Ali,Entres,19,aentresn2@ebay.com,Indonesia,,red,565,2
832,Patton,Thumann,79,pthumannn3@va.gov,Armenia,,red,217,4
833,Brendin,Arnold,81,barnoldn4@cmu.edu,Indonesia,,red,417,1
834,Monroe,Curwood,23,mcurwoodn5@irs.gov,Sweden,362 23,red,410,4
835,Liliane,Langham,18,llanghamn6@examiner.com,China,,blue,430,1
836,Adolpho,Seawell,22,aseawelln7@nationalgeographic.com,China,,blue,801,1
837,Haroun,Bampfield,76,hbampfieldn8@chronoengine.com,China,,red,685,2
838,Suzy,Dearsley,35,sdearsleyn9@wordpress.com,Poland,32-445,red,614,2
839,Rinaldo,Hayto,63,rhaytona@sogou.com,Japan,861-0133,green,700,2
840,Nikaniki,Jalland,72,njallandnb@wikimedia.org,Indonesia,,red,610,5
841,Emelen,Yanukhin,79,eyanukhinnc@cocolog-nifty.com,Equatorial Guinea,,red,235,2
842,Silvano,Birckmann,28,sbirckmannnd@dion.ne.jp,Armenia,,red,68,1
843,Bernetta,Mebs,52,bmebsne@istockphoto.com,Mongolia,,red,588,1
844,Anastasia,Frantsev,75,afrantsevnf@marriott.com,Indonesia,,blue,363,2
845,Cortie,Sandels,48,csandelsng@prlog.org,Russia,901993,blue,985,2
846,Jacquenetta,Nern,85,jnernnh@pen.io,Poland,42-134,blue,677,3
847,Michele,Irdale,23,mirdaleni@toplist.cz,Indonesia,,green,481,3
848,Natala,Spinley,30,nspinleynj@usnews.com,Indonesia,,red,303,4
849,Clayborn,Littleover,52,clittleovernk@yahoo.co.jp,Thailand,45000,red,421,3
850,Cordelie,Tattersall,78,ctattersallnl@fda.gov,France,95154 CEDEX,red,453,3
851,Gherardo,Nussii,57,gnussiinm@exblog.jp,Luxembourg,L-8191,blue,757,5
852,Tillie,Elvidge,18,telvidgenn@twitpic.com,China,,red,668,1
853,Codee,Hotton,26,chottonno@github.com,China,,green,583,5
854,Thadeus,Hampton,52,thamptonnp@creativecommons.org,Egypt,,green,964,2
855,Morie,Helin,40,mhelinnq@amazon.co.jp,Peru,,red,320,1
856,Thornie,Millimoe,61,tmillimoenr@timesonline.co.uk,China,,red,275,4
857,Emma,Cornish,26,ecornishns@issuu.com,Kenya,,green,705,2
858,Alonso,Westfield,33,awestfieldnt@cnbc.com,Canada,G0H,blue,61,3
859,Dulci,Carrett,65,dcarrettnu@state.gov,Japan,959-1146,green,723,3
860,Brinna,Boullin,80,bboullinnv@hao123.com,Peru,,red,333,5
861,Trudy,Freiburger,69,tfreiburgernw@webs.com,Argentina,5461,blue,255,5
862,Andre,Blunderfield,79,ablunderfieldnx@edublogs.org,Brazil,39620-000,blue,237,2
863,Carolee,De Carteret,58,cdecarteretny@hc360.com,China,,red,788,5
864,Lenna,Smithers,70,lsmithersnz@blogtalkradio.com,Myanmar,,red,10,4
865,Dionisio,Wenham,65,dwenhamo0@miitbeian.gov.cn,China,,red,842,1
866,Wolfy,Falk,79,wfalko1@berkeley.edu,Portugal,5090-105,blue,442,1
867,Abby,Cowterd,49,acowterdo2@virginia.edu,China,,red,670,1
868,Idalina,Thompson,63,ithompsono3@icio.us,Indonesia,,green,73,3
869,Harper,Aysh,50,haysho4@ca.gov,China,,green,386,4
870,Nomi,Mattevi,66,nmattevio5@ehow.com,Thailand,10250,blue,566,4
871,Timoteo,Suatt,80,tsuatto6@pbs.org,France,31673 CEDEX,blue,73,4
872,Kerianne,Rowston,58,krowstono7@4shared.com,Canada,G8B,blue,633,1
873,Abbott,Tanby,43,atanbyo8@ibm.com,Indonesia,,green,653,4
874,Bernardo,Scrivinor,55,bscrivinoro9@state.tx.us,Indonesia,,red,796,1
875,Dominga,Rogerson,28,drogersonoa@biblegateway.com,Peru,,blue,145,1
876,Chaddy,Gallen,45,cgallenob@geocities.jp,Brazil,44200-000,red,287,3
877,Roderick,Clemson,53,rclemsonoc@biglobe.ne.jp,Japan,729-3222,green,325,3
878,Kerrin,Jaffrey,55,kjaffreyod@etsy.com,Greece,,green,26,2
879,Annora,Floch,84,aflochoe@paginegialle.it,Netherlands,1069,green,941,2
880,Philly,Gueinn,78,pgueinnof@cpanel.net,Portugal,2495-205,blue,193,3
881,Pinchas,Ewings,63,pewingsog@meetup.com,Indonesia,,blue,53,3
882,Jared,Deavin,50,jdeavinoh@oaic.gov.au,United States,95064,green,868,3
883,Shurwood,Sneezem,67,ssneezemoi@deviantart.com,Russia,249406,green,308,4
884,Josiah,Allam,71,jallamoj@altervista.org,Vietnam,,blue,538,2
885,Catlaina,Slator,27,cslatorok@shinystat.com,Portugal,2000-014,blue,793,1
886,Dedra,Praundlin,18,dpraundlinol@cisco.com,Denmark,1240,red,507,3
887,Caddric,Jeffries,53,cjeffriesom@dyndns.org,Russia,346550,green,885,2
888,Rowland,Spinello,72,rspinelloon@cbsnews.com,Indonesia,,blue,440,3
889,Gabie,Joddens,38,gjoddensoo@telegraph.co.uk,Fiji,,blue,884,5
890,Kermy,Yantsev,84,kyantsevop@mapy.cz,China,,blue,379,4
891,Denna,Tschirschky,71,dtschirschkyoq@mapy.cz,Indonesia,,red,195,3
892,Tuck,Fancutt,38,tfancuttor@artisteer.com,Philippines,5711,blue,52,3
893,Tedman,Aldin,72,taldinos@google.es,Indonesia,,blue,294,1
894,Shellie,Klaves,69,sklavesot@dagondesign.com,China,,green,329,3
895,Randa,Asser,63,rasserou@amazonaws.com,France,95719 CEDEX 1,blue,49,1
896,Elly,Sinclar,84,esinclarov@springer.com,Costa Rica,60101,blue,692,5
897,Carter,Lill,50,clillow@bloglines.com,Thailand,31180,green,747,5
898,Glennie,Minihane,77,gminihaneox@chicagotribune.com,Ethiopia,,red,486,4
899,Matilde,Carbry,38,mcarbryoy@marriott.com,Japan,389-0811,blue,882,2
900,Daryn,Hevey,41,dheveyoz@cornell.edu,Micronesia,,green,488,1
901,Shannah,Glencross,77,sglencrossp0@blog.com,Ukraine,,blue,898,2
902,Conny,Domican,55,cdomicanp1@issuu.com,Azerbaijan,,blue,728,5
903,Kala,Page,42,kpagep2@army.mil,Finland,64701,blue,435,1
904,Leon,Yanshonok,68,lyanshonokp3@japanpost.jp,Ecuador,,red,861,3
905,Katherine,Klulik,66,kklulikp4@reuters.com,Brazil,89700-000,red,728,2
906,Mirabelle,Slessar,22,mslessarp5@mashable.com,Democratic Republic of the Congo,,green,80,4
907,Perrine,Kingsland,75,pkingslandp6@odnoklassniki.ru,Yemen,,blue,66,3
908,Aubrie,Philbrook,28,aphilbrookp7@paginegialle.it,Japan,989-1505,green,584,3
909,Taddeo,Kearns,21,tkearnsp8@ca.gov,Portugal,2970-182,green,694,2
910,Reade,Warsap,36,rwarsapp9@ustream.tv,Russia,612711,red,996,3
911,Dona,Grenter,45,dgrenterpa@miitbeian.gov.cn,China,,blue,77,1
912,Barnard,Dorgan,43,bdorganpb@admin.ch,China,,red,68,1
913,Joellyn,Pescod,76,jpescodpc@dell.com,China,,blue,11,4
914,Mandi,Griniov,49,mgriniovpd@virginia.edu,Cuba,,green,812,3
915,Aldis,Chadwick,79,achadwickpe@cyberchimps.com,Brazil,98130-000,red,640,4
916,La verne,Gately,63,lgatelypf@t-online.de,Netherlands,9730,blue,128,2
917,Sarajane,O' Quirk,20,soquirkpg@1und1.de,Serbia,,green,888,4
918,Cordelie,Duffan,57,cduffanph@unc.edu,Indonesia,,green,92,4
919,Rosalind,Downing,58,rdowningpi@creativecommons.org,Germany,44869,green,732,2
920,Aristotle,Wetherell,85,awetherellpj@vinaora.com,Philippines,2712,red,641,3
921,Sandro,Blasiak,71,sblasiakpk@skyrock.com,Norway,1536,red,504,3
922,Kalindi,Minogue,71,kminoguepl@jimdo.com,Ukraine,,blue,276,1
923,Archaimbaud,Meech,39,ameechpm@aol.com,Spain,7010,blue,528,3
924,Stavro,McCoveney,67,smccoveneypn@ebay.com,Czech Republic,588 22,red,631,4
925,Melosa,Levin,31,mlevinpo@printfriendly.com,United Arab Emirates,,red,721,4
926,Fedora,Virgin,74,fvirginpp@dagondesign.com,Nigeria,,blue,891,2
927,Casey,Saynor,24,csaynorpq@youku.com,Dominican Republic,11512,green,475,5
928,Tommy,Gaine of England,31,tgaineofenglandpr@samsung.com,Indonesia,,blue,314,3
929,Marianne,Etheredge,77,metheredgeps@angelfire.com,Australia,8383,green,867,2
930,Andrea,Brodie,44,abrodiept@wordpress.org,France,01069 CEDEX 9,blue,575,5
931,Ethelin,Sivior,70,esiviorpu@washington.edu,France,75778 CEDEX 16,blue,178,2
932,Angie,Gegg,38,ageggpv@tuttocitta.it,China,,red,2,5
933,Lauryn,Truluck,81,ltruluckpw@phpbb.com,China,,blue,141,5
934,Olia,Ricardot,71,oricardotpx@stanford.edu,Indonesia,,blue,106,3
935,Reiko,O'Leagham,19,roleaghampy@blogger.com,Brazil,49220-000,green,496,1
936,Josey,Nehl,30,jnehlpz@naver.com,China,,blue,208,3
937,Eleanor,Heskey,71,eheskeyq0@si.edu,China,,red,732,5
938,Colet,Kigelman,58,ckigelmanq1@samsung.com,Argentina,2559,red,677,3
939,Romonda,Faithfull,42,rfaithfullq2@bigcartel.com,Guatemala,12001,blue,204,1
940,Amos,Guthrum,22,aguthrumq3@yahoo.com,Russia,641330,red,200,4
941,Mattheus,Redihough,52,mredihoughq4@newyorker.com,China,,green,397,2
942,Clarine,Fee,46,cfeeq5@mlb.com,China,,green,633,3
943,Adaline,Scally,68,ascallyq6@addthis.com,Venezuela,,blue,522,2
944,Shell,Favey,25,sfaveyq7@netscape.com,Honduras,,green,80,4
945,Novelia,Benoix,41,nbenoixq8@gnu.org,Portugal,8900-205,red,302,1
946,Pris,Drewe,55,pdreweq9@theatlantic.com,Philippines,7508,green,569,2
947,Othello,Risman,56,orismanqa@is.gd,Bangladesh,3253,blue,326,2
948,Shell,Verrill,67,sverrillqb@slideshare.net,Brazil,15290-000,green,774,5
949,Vern,Girtin,31,vgirtinqc@cbc.ca,China,,red,477,2
950,Trudi,Antonomoli,71,tantonomoliqd@posterous.com,Ivory Coast,,red,986,1
951,Konstantine,North,19,knorthqe@admin.ch,Syria,,red,932,5
952,Kain,Riggs,27,kriggsqf@google.es,Russia,692769,green,151,2
953,Rancell,Lowseley,74,rlowseleyqg@macromedia.com,China,,green,753,5
954,Merna,Tutt,48,mtuttqh@so-net.ne.jp,Brazil,18110-000,blue,556,1
955,Angy,Raeside,30,araesideqi@furl.net,Indonesia,,blue,951,1
956,Laney,Crawshaw,41,lcrawshawqj@bizjournals.com,Nigeria,,green,790,1
957,Jana,Falkus,41,jfalkusqk@samsung.com,China,,red,571,5
958,Maisie,Dusting,52,mdustingql@wikipedia.org,Panama,,blue,831,1
959,Jessamyn,Kirtley,41,jkirtleyqm@tumblr.com,Iran,,blue,577,2
960,Adda,Lamprecht,78,alamprechtqn@hostgator.com,Poland,05-816,green,184,4
961,Erin,Tinman,20,etinmanqo@tinypic.com,Canada,J1S,blue,306,5
962,Merrily,Karpman,20,mkarpmanqp@nasa.gov,Czech Republic,517 42,green,421,1
963,Turner,Gentle,83,tgentleqq@slate.com,Ecuador,,green,93,5
964,Kennan,Abeau,43,kabeauqr@hhs.gov,Guatemala,17007,red,193,1
965,Uriah,Bruneton,65,ubrunetonqs@lycos.com,Poland,47-451,red,684,4
966,Padraic,Beel,34,pbeelqt@wiley.com,Russia,162400,red,729,3
967,Penelopa,Ranger,66,prangerqu@netvibes.com,Greece,,green,825,2
968,Bettina,Blas,48,bblasqv@moonfruit.com,China,,green,56,3
969,Tynan,Ezele,82,tezeleqw@weibo.com,Portugal,3070-024,green,497,2
970,Ulrica,Silley,25,usilleyqx@netvibes.com,China,,blue,557,5
971,Derril,Lye,20,dlyeqy@studiopress.com,China,,red,418,4
972,Ray,Alti,47,raltiqz@apache.org,Czech Republic,267 51,green,812,2
973,Thomasa,Giannassi,62,tgiannassir0@shop-pro.jp,Brazil,88780-000,green,679,4
974,Rene,Abramin,73,rabraminr1@craigslist.org,France,78424 CEDEX,green,752,5
975,Adelaida,Moralee,61,amoraleer2@netlog.com,Sweden,941 65,green,911,4
976,Dorian,Grundell,35,dgrundellr3@un.org,United Kingdom,DN36,blue,428,2
977,Lola,Morphet,33,lmorphetr4@paypal.com,Spain,31005,red,402,5
978,Woodman,Macia,68,wmaciar5@aboutads.info,Guatemala,10016,green,404,5
979,Aimil,Pocknoll,56,apocknollr6@slideshare.net,Azerbaijan,,green,723,3
980,Filmer,Cosker,39,fcoskerr7@blogtalkradio.com,Portugal,2350-259,blue,593,2
981,Tomkin,Hebden,37,thebdenr8@simplemachines.org,Portugal,4760-018,red,650,4
982,Madelle,Berick,82,mberickr9@pbs.org,China,,red,662,3
983,Charis,Camacho,50,ccamachora@reverbnation.com,Mexico,71836,green,906,5
984,Cale,Obert,85,cobertrb@wufoo.com,Morocco,,green,769,4
985,Tyson,Sporgeon,40,tsporgeonrc@phoca.cz,Azerbaijan,,blue,620,2
986,Roxane,Beekman,83,rbeekmanrd@imageshack.us,China,,green,781,5
987,Reuven,Boote,76,rbootere@seattletimes.com,Philippines,6415,green,513,5
988,Dianemarie,Marien,72,dmarienrf@amazon.co.jp,Russia,632868,red,23,4
989,Hashim,Torfin,26,htorfinrg@yolasite.com,China,,red,225,1
990,Zebadiah,Brastead,31,zbrasteadrh@scribd.com,Russia,249028,blue,216,2
991,Hilary,Lashmar,54,hlashmarri@cnbc.com,South Africa,8284,green,269,5
992,Launce,Gillaspy,55,lgillaspyrj@moonfruit.com,Philippines,3300,green,74,5
993,Kalina,Gristwood,70,kgristwoodrk@typepad.com,United States,11247,blue,437,2
994,Daniella,Benedit,48,dbeneditrl@abc.net.au,Russia,678600,green,48,5
995,Goldarina,Dibnah,36,gdibnahrm@marketwatch.com,Papua New Guinea,,green,681,2
996,Lauralee,Twiggins,29,ltwigginsrn@wufoo.com,Canada,J6N,red,625,4
997,Aidan,Hudleston,35,ahudlestonro@diigo.com,Ethiopia,,green,722,4
998,Durante,Owbrick,58,dowbrickrp@google.com.hk,China,,blue,514,1
999,Nissy,Hacaud,77,nhacaudrq@hud.gov,Ukraine,,green,2,5
1000,Florian,Carnoghan,29,fcarnoghanrr@miitbeian.gov.cn,Azerbaijan,,blue,935,5
